﻿<?xml version="1.0" encoding="UTF-8"?>

<libros>
	<libro anio="2007">
		<titulo>XMLBeans, una forma de mapear un XML en objetos Java</titulo>
		<autor>
			<nombre>Alejandro</nombre>
			<apellidos>Pérez García</apellidos>
		</autor>
		<categoria>XML</categoria>
		<precio>25827</precio>
	</libro>
	<libro anio="2013">
		<titulo>Spring Security: haciendo uso de un servidor LDAP embebido</titulo>
		<autor>
			<nombre>José Manuel</nombre>
			<apellidos>Sánchez Suárez</apellidos>
		</autor>
		<categoria>Spring</categoria>
		<precio>1996</precio>
	</libro>
	<libro anio="2011">
		<titulo>Mybatis con Maven y Spring</titulo>
		<autor>
			<nombre>Rubén</nombre>
			<apellidos>Aguilera Díaz-Heredero</apellidos>
		</autor>
		<categoria>Mybatis</categoria>
		<precio>6998</precio>
	</libro>
	<libro anio="2011">
		<titulo>Trabajar con XML sabiendo lo mínimo</titulo>
		<autor>
			<nombre>Roberto</nombre>
			<apellidos>Canales Mora</apellidos>
		</autor>
		<categoria>XML</categoria>
		<precio>34842</precio>
	</libro>
	<libro anio="2013">
		<titulo>Introducción a Spring Batch</titulo>
		<autor>
			<nombre>Miguel</nombre>
			<apellidos>Arlandy Rodríguez</apellidos>
		</autor>
		<categoria>Spring</categoria>
		<precio>1273</precio>
	</libro>
</libros>