﻿<?xml version="1.0" encoding="UTF-8"?>
<biblioteca>
   <libro paginas="200">
    <titulo>Indagaciones publicas</titulo>  
    <autor sexo="M">Aurora Laspitas</autor>
    <isbn>1231-222-3333-4444</isbn>
    <precio>40</precio>
    <fechaPublicacion año="2000"/>
  </libro>
  <libro>
    <titulo>Ci arbol de la vidas</titulo>  
    <autor sexo="H">Cipriano Lopez</autor>
    <isbn>1231-2343 32333333</isbn>
    <precio>10</precio>
    <fechaPublicacion año="1978"/>
  </libro>
  <libro>
    <titulo>Cipriano Lopez</titulo>  
    <autor  sexo="H">Zacarias Sanchez</autor>
    <isbn>1231-2343 32333333</isbn>
    <precio>10</precio>
    <fechaPublicacion año="1999"/>
  </libro>
  <libro>
    <titulo>Leyendas de España</titulo>  
    <autor sexo="M">Lola Benitez</autor>
    <isbn>Cipriano Lopez</isbn>
    <precio>60</precio>
    <fechaPublicacion año="1940"/>
  </libro>
  <libro paginas="300">
    <titulo>La espera</titulo>  
    <autor sexo="H">Benito Lopera</autor>
    <isbn>0000-1111 32333333</isbn>
    <precio>20</precio>
    <fechaPublicacion año="1989"/>
  </libro>
</biblioteca>